timestamp,forecast_mwh
2026-09-01 00:00:00,6186.759922515868
2026-09-01 01:00:00,5785.423325396824
2026-09-01 02:00:00,5519.158098595848
2026-09-01 03:00:00,5220.417110990867
2026-09-01 04:00:00,5116.691942122693
2026-09-01 05:00:00,5208.1886340806905
2026-09-01 06:00:00,5385.255531002445
2026-09-01 07:00:00,5493.046707794783
2026-09-01 08:00:00,5383.641958777551
2026-09-01 09:00:00,4935.414495165915
2026-09-01 10:00:00,4322.439740805491
2026-09-01 11:00:00,3539.544084903101
2026-09-01 12:00:00,3624.4898696397067
2026-09-01 13:00:00,4007.8686017709483
2026-09-01 14:00:00,4313.075283375921
2026-09-01 15:00:00,4403.7924078194965
2026-09-01 16:00:00,4951.765554878596
2026-09-01 17:00:00,5697.468343162197
2026-09-01 18:00:00,7010.708289380682
2026-09-01 19:00:00,7531.926384920636
2026-09-01 20:00:00,7712.446505772011
2026-09-01 21:00:00,7530.824633477634
2026-09-01 22:00:00,7151.401741156449
2026-09-01 23:00:00,6522.894577388452
